grp_decompose_qr_fu_605,VITIS_LOOP_26_4,seq_loop_status1.csv
grp_decompose_qr_fu_605,VITIS_LOOP_25_3,seq_loop_status2.csv
grp_decompose_qr_fu_605.grp_decompose_qr_Pipeline_VITIS_LOOP_18_1_fu_478,VITIS_LOOP_18_1,upc_loop_status1.csv
grp_decompose_qr_fu_605.grp_decompose_qr_Pipeline_VITIS_LOOP_70_8_VITIS_LOOP_71_9_fu_546,VITIS_LOOP_70_8_VITIS_LOOP_71_9,upc_loop_status2.csv
grp_decompose_qr_fu_605.grp_decompose_qr_Pipeline_VITIS_LOOP_77_10_fu_598,VITIS_LOOP_77_10,upc_loop_status3.csv
grp_decompose_qr_fu_605.grp_decompose_qr_Pipeline_VITIS_LOOP_63_7_fu_650,VITIS_LOOP_63_7,upc_loop_status4.csv
grp_decompose_qr_fu_605.grp_cordic_atan_fu_670,VITIS_LOOP_81_1,seq_loop_status3.csv
grp_decompose_qr_fu_605.grp_decompose_qr_Pipeline_VITIS_LOOP_39_5_fu_678,VITIS_LOOP_39_5,upc_loop_status5.csv
grp_decompose_qr_fu_605.grp_decompose_qr_Pipeline_VITIS_LOOP_50_6_fu_722,VITIS_LOOP_50_6,upc_loop_status6.csv
grp_mat_vec_mul_fu_659.grp_mat_vec_mul_Pipeline_VITIS_LOOP_24_1_fu_276,VITIS_LOOP_24_1,upc_loop_status7.csv
grp_mat_vec_mul_fu_659.grp_mat_vec_mul_Pipeline_VITIS_LOOP_29_3_fu_328,VITIS_LOOP_29_3,upc_loop_status8.csv
grp_mat_vec_mul_fu_659.grp_mat_vec_mul_Pipeline_VITIS_LOOP_40_5_fu_344,VITIS_LOOP_40_5,upc_loop_status9.csv
grp_mat_vec_mul_fu_659.grp_mat_vec_mul_Pipeline_VITIS_LOOP_50_7_fu_372,VITIS_LOOP_50_7,upc_loop_status10.csv
grp_upper_backsub_fu_687,VITIS_LOOP_35_5,seq_loop_status4.csv
grp_upper_backsub_fu_687,VITIS_LOOP_33_4,seq_loop_status5.csv
grp_upper_backsub_fu_687.grp_upper_backsub_Pipeline_VITIS_LOOP_20_1_fu_412,VITIS_LOOP_20_1,upc_loop_status11.csv
grp_upper_backsub_fu_687.grp_upper_backsub_Pipeline_VITIS_LOOP_48_6_fu_476,VITIS_LOOP_48_6,upc_loop_status12.csv
