,AESL_inst_solve_top,,module_status1.csv
,grp_decompose_qr_fu_605,,module_status2.csv
grp_decompose_qr_fu_605,grp_decompose_qr_Pipeline_VITIS_LOOP_18_1_fu_478,,module_status3.csv
grp_decompose_qr_fu_605,grp_decompose_qr_Pipeline_VITIS_LOOP_70_8_VITIS_LOOP_71_9_fu_546,,module_status4.csv
grp_decompose_qr_fu_605,grp_decompose_qr_Pipeline_VITIS_LOOP_77_10_fu_598,,module_status5.csv
grp_decompose_qr_fu_605,grp_decompose_qr_Pipeline_VITIS_LOOP_63_7_fu_650,,module_status6.csv
grp_decompose_qr_fu_605,grp_cordic_atan_fu_670,,module_status7.csv
grp_decompose_qr_fu_605,grp_decompose_qr_Pipeline_VITIS_LOOP_39_5_fu_678,,module_status8.csv
grp_decompose_qr_fu_605,grp_decompose_qr_Pipeline_VITIS_LOOP_50_6_fu_722,,module_status9.csv
,grp_mat_vec_mul_fu_659,,module_status10.csv
grp_mat_vec_mul_fu_659,grp_mat_vec_mul_Pipeline_VITIS_LOOP_24_1_fu_276,,module_status11.csv
grp_mat_vec_mul_fu_659,grp_mat_vec_mul_Pipeline_VITIS_LOOP_29_3_fu_328,,module_status12.csv
grp_mat_vec_mul_fu_659,grp_mat_vec_mul_Pipeline_VITIS_LOOP_40_5_fu_344,,module_status13.csv
grp_mat_vec_mul_fu_659,grp_mat_vec_mul_Pipeline_VITIS_LOOP_50_7_fu_372,,module_status14.csv
,grp_upper_backsub_fu_687,,module_status15.csv
grp_upper_backsub_fu_687,grp_upper_backsub_Pipeline_VITIS_LOOP_20_1_fu_412,,module_status16.csv
grp_upper_backsub_fu_687,grp_upper_backsub_Pipeline_VITIS_LOOP_48_6_fu_476,,module_status17.csv
